review,label
"The product arrived on time. Battery life is decent but not as long as advertised. Overall a fair purchase for the price.",0
"Best product ever!!! Amazing quality!!! Buy now!!! Five stars!!!",1
"I bought this for my dad as a birthday gift. He has been using it for two weeks and seems happy with it. The build feels solid.",0
"AMAZING AMAZING AMAZING. Best purchase of my life. Everyone should buy this product right now!",1
"The fabric is okay but the stitching near the pocket came loose after one wash. Not very happy.",0
"Perfect product perfect seller perfect delivery perfect everything 10/10 must buy must buy must buy",1
"Sound quality is clear for calls but bass is weak for music. Good for the price range I guess.",0
"This is the best item in the world you will not regret buying it click buy now",1
"Took a while to figure out the settings, manual is not very clear. Once set up it works fine though.",0
"Wow wow wow what a product I am so happy I bought it best decision ever",1
"Decent quality for the price. Color is slightly different from the picture but not a big deal.",0
"Excellent excellent excellent. Five star product. Highly recommend to all my friends and family.",1
"Bought it last month. Works as expected. Nothing special but does the job.",0
"INCREDIBLE PRODUCT MUST BUY EVERYONE NEEDS THIS IN THEIR LIFE",1
"The charging cable that came in the box stopped working after a week. Had to buy a new one separately.",0
"Best best best best best. Loved it. Will buy again. Will buy again. Will buy again.",1
"Fits well, material feels good but the color faded slightly after the second wash. Average product.",0
"Top quality top seller top delivery top packaging top everything just buy it",1
"My wife uses this daily for her workouts. She says it is comfortable but the strap is a bit tight.",0
"Best phone ever made in the history of phones buy now before stock ends limited offer",1
"Came in good packaging. Setup was easy. Has been working fine for around 3 weeks now.",0
"Amazing product amazing price amazing seller. Cannot believe how good this is. Order today.",1
"Honestly expected better at this price point. It works but the plastic feels cheap.",0
"100% recommended 100% satisfied 100% genuine 100% buy this now",1
"The size chart was helpful. I ordered medium and it fits well. Cotton feels soft enough.",0
"Mind blowing product mind blowing quality mind blowing delivery you will not believe it",1
"It does what it says. Nothing more, nothing less. Happy enough with the purchase.",0
"Superb superb superb. World class product. Must buy must buy must buy.",1
"I have used similar products before and this one feels lighter. Not sure if that is good or bad.",0
"Best deal in the entire world hurry up buy now before it gets sold out completely",1
"Returned because the size was too small. Return process was smooth at least.",0
"Outstanding outstanding outstanding outstanding outstanding outstanding outstanding product",1
"The food container leaked a little when I carried it in my bag. Otherwise it is fine.",0
"Genuine product genuine seller genuine quality just buy without thinking twice",1
"Picture quality is sharp on the screen. The remote feels a bit cheap but works.",0
"Wonderful wonderful wonderful wonderful must have product highly highly highly recommended",1
"Used it for two camping trips. Holds up okay. Zipper is a little stiff but functional.",0
"Best in class best in market best in world buy buy buy",1
"Speaker volume is loud enough for a small room. Bass could be better but acceptable.",0
"Loved it loved it loved it loved it loved it five star five star five star",1
"Battery drains a bit fast if you keep brightness high. Manageable with normal use.",0
"Awesome awesome awesome perfect perfect perfect five star five star five star",1
"Bought as a replacement for my old one. Feels similar in build. Time will tell about durability.",0
"Magical product changed my life buy it you will thank me later guaranteed",1
"Color matches the website photo. Comfortable to wear for long hours. Good buy.",0
"Premium quality premium feel premium look premium everything just go for it",1
"The print on the t-shirt started peeling after 5 washes. Disappointed at this price.",0
"This is a game changer absolute game changer everyone must own this product",1
"Smaller than I expected based on the dimensions listed. Still useful but check size carefully.",0
"World class product world class service nothing to dislike at all five star rating",1
"Tastes okay but not as fresh as I had hoped. Will probably not reorder.",0
"Best ever best ever best ever best ever you will love it 100% trust me",1
"Tried this for my morning runs. Comfortable but the grip on the sole is average.",0
"Loved this so much I bought three more for my entire family they all love it too",1
"The instruction manual is in poor English but the product itself is decent.",0
"Cannot describe how good this is just buy and experience it yourself thank me later",1
"Color faded a bit but still wearable. Stitching seems strong. Average overall.",0
"Best best best best best best best best best buy now",1
"Light weight and easy to carry around. Strap could be more padded though.",0
"Top notch top notch top notch product no second thoughts just order it now",1
"Bought as a gift. The recipient liked it. Looks decent and feels sturdy enough.",0
"Five star product five star delivery five star packaging five star seller five star",1
"Works fine on wifi but bluetooth connection drops sometimes. Not a deal breaker for me.",0
"Genuine genuine genuine 100% original 100% authentic 100% trustworthy seller",1
"The blender struggles with hard ingredients but does smoothies well. Reasonable for the price.",0
"Best best best best best ever ever ever ever ever buy buy buy buy",1
"It arrived a day late but in good condition. Quality looks decent at first glance.",0
"Mind blown mind blown mind blown what a product what a seller what a price",1
"The lid does not fit very tight, so be careful when shaking. Otherwise the bottle is fine.",0
"Best product in human history just go for it without thinking even for a second",1
"Comfortable on the ears, but volume could be louder. Good for indoor listening.",0
"Wow super amazing excellent fantastic wonderful brilliant marvelous all in one product",1
"Material seems okay. Not very thick but acceptable for the price I paid.",0
"Premium luxury feel like a million bucks must own product order today only today",1
"Customer service was helpful when I asked about warranty. Product itself is average.",0
"Loved loved loved everything about this product nothing to dislike at all best ever",1
"Print quality on the pages is clear but the binding feels a bit weak.",0
"Best item I have ever purchased my entire life on amazon no joke at all 100%",1
"Lens picks up details well in daylight. Low light photos are noisy as expected.",0
"Genuine review here this product is the best I have ever used buy it now",1
"Cleans surfaces well but the smell is a bit too strong for me personally.",0
"Best best best best best best wow wow wow wow amazing amazing amazing",1
"Fits my laptop snugly. Pockets are useful. Zipper feels okay, will see how long it lasts.",0
"Cannot recommend enough cannot recommend enough cannot recommend enough five star",1
"Tea bags smell fresh. Flavor is decent but not as strong as the brand I usually buy.",0
"Highly recommended highly recommended highly recommended order before stock ends",1
"Comfortable mattress but a bit firmer than I expected. Took a few nights to get used to.",0
"Best mattress on earth changed my sleep forever life changing experience must buy",1
"The mouse works fine. Scroll wheel is smooth. Side buttons are a bit small.",0
"Magic product magic results magic delivery just order and thank me later 100%",1
"Fan is quieter than my old one. Air flow is okay on the medium setting.",0
"Awesome super great excellent fantastic perfect five star five star five star",1
"Bottle keeps water cold for around 6 hours. Not the 12 hours claimed but still good.",0
"Best of the best of the best of the best you will not regret",1
"My kid likes the toy. Build quality is okay. A few rough edges but nothing dangerous.",0
"100% original 100% genuine 100% trusted seller 100% must buy please buy",1
"Looks nice on the wall. Was easy to install. Light is bright enough for the room.",0
"Mind blowing amazing wonderful fantastic super great excellent best ever product",1
"Pages are slightly off-white but readable. Font size is fine for daily reading.",0
"Wow wow wow super super super amazing amazing amazing five star five star",1
"Decent winter jacket. Keeps me warm enough during morning walks. Zipper is smooth.",0
"Best jacket ever made you will feel like a king the moment you wear it",1
"Cup holder broke within the first week. Rest of the chair is okay for the price.",0
"World best product world best price world best seller world best everything",1
